year_month,region,sst,salinity,species,elnino_index,phase,o2,ph
2016_01,Geoje,12.34280914,33.8,23.0,2.2,ElNiNo,248.85793,8.1514435
2016_01,Incheon,3.930725806,25.0,31.0,2.2,ElNiNo,277.25253,8.182475
2016_01,Ulleungdo,12.26987903,33.1,39.0,2.2,ElNiNo,264.79077,8.169613
2016_02,Geoje,11.19357766,33.9,21.0,1.9,ElNiNo,261.16916,8.150358
2016_02,Incheon,2.482052402,26.5,35.0,1.9,ElNiNo,291.44675,8.1943655
2016_02,Ulleungdo,10.66682471,33.1,59.0,1.9,ElNiNo,274.29132,8.176606
2016_03,Geoje,11.69647849,33.7,11.0,1.5,ElNiNo,269.16602,8.150325
2016_03,Incheon,5.451182796,29.4,62.0,1.5,ElNiNo,296.02982,8.18323
2016_03,Ulleungdo,9.693642473,32.6,117.0,1.5,ElNiNo,286.77884,8.184391
2016_04,Geoje,13.74878698,33.6,19.0,1.1,ElNiNo,259.99985,8.123595
2016_04,Incheon,10.63913889,31.1,23.0,1.1,ElNiNo,283.4787,8.142656
2016_04,Ulleungdo,13.10769444,33.6,48.0,1.1,ElNiNo,290.19098,8.177307
2016_05,Geoje,16.10125344,33.5,23.0,0.6,ElNiNo,245.78064,8.084651
2016_05,Incheon,15.74346099,30.2,97.0,0.6,ElNiNo,263.67105,8.085471
2016_05,Ulleungdo,15.68037736,33.6,115.0,0.6,ElNiNo,272.58994,8.127103
2016_06,Geoje,18.372125,33.6,117.0,0.1,Neutral,228.60422,8.034113
2016_06,Incheon,20.84823611,30.7,58.0,0.1,Neutral,239.21036,8.007589
2016_06,Ulleungdo,19.65831944,33.4,92.0,0.1,Neutral,249.20128,8.063915
2016_07,Geoje,20.9196477,32.2,70.0,-0.3,Neutral,215.74086,7.998791
2016_07,Incheon,23.81698347,28.9,164.0,-0.3,Neutral,222.79276,7.9824986
2016_07,Ulleungdo,22.95388441,32.8,158.0,-0.3,Neutral,232.58186,8.028847
2016_08,Geoje,26.8528591,30.9,96.0,-0.5,LaNiNa,204.70082,7.9839835
2016_08,Incheon,27.3214965,29.5,131.0,-0.5,LaNiNa,212.97757,7.975452
2016_08,Ulleungdo,26.94646505,31.5,93.0,-0.5,LaNiNa,217.72644,7.9930415
2016_09,Geoje,24.01807487,30.4,46.0,-0.7,LaNiNa,209.59137,8.041833
2016_09,Incheon,24.86878661,30.3,49.0,-0.7,LaNiNa,221.33919,8.035601
2016_09,Ulleungdo,22.92841135,31.1,156.0,-0.7,LaNiNa,222.5999,8.045579
2016_10,Geoje,21.03036061,31.0,112.0,-0.8,LaNiNa,214.94012,8.074147
2016_10,Incheon,20.70275204,30.7,75.0,-0.8,LaNiNa,231.13998,8.083789
2016_10,Ulleungdo,21.27803763,32.0,29.0,-0.8,LaNiNa,233.75414,8.092395
2016_11,Geoje,17.557875,33.2,31.0,-0.8,LaNiNa,227.46642,8.116594
2016_11,Incheon,13.43401947,31.2,66.0,-0.8,LaNiNa,251.7102,8.134307
2016_11,Ulleungdo,17.94223611,32.8,46.0,-0.8,LaNiNa,248.86519,8.143614
2016_12,Geoje,14.89510753,33.8,9.0,-0.7,LaNiNa,239.84784,8.139278
2016_12,Incheon,7.679704301,31.5,29.0,-0.7,LaNiNa,268.87585,8.165092
2016_12,Ulleungdo,15.14333333,33.2,28.0,-0.7,LaNiNa,255.8123,8.158181
2017_01,Geoje,12.6843414,34.0,9.0,-0.5,LaNiNa,247.39398,8.143243
2017_01,Incheon,4.224919355,31.4,18.0,-0.5,LaNiNa,280.23077,8.180582
2017_01,Ulleungdo,13.29788978,33.6,13.0,-0.5,LaNiNa,263.24844,8.164811
2017_02,Geoje,12.29875767,34.15,12.0,-0.2,Neutral,260.37408,8.147874
2017_02,Incheon,2.39492284,31.42,4.0,-0.2,Neutral,291.57938,8.192421
2017_02,Ulleungdo,11.41296131,33.45,10.0,-0.2,Neutral,273.23282,8.171067
2017_03,Geoje,12.38896792,34.3,11.0,0.1,Neutral,268.08447,8.145492
2017_03,Incheon,5.832609329,31.44,6.0,0.1,Neutral,296.16537,8.181126
2017_03,Ulleungdo,11.26365722,33.3,36.0,0.1,Neutral,285.1359,8.179509
2017_04,Geoje,14.14741379,34.1,11.0,0.4,Neutral,263.42807,8.1228895
2017_04,Incheon,10.76824536,31.46,13.0,0.4,Neutral,283.85202,8.13765
2017_04,Ulleungdo,11.70597222,33.8,124.0,0.4,Neutral,291.28387,8.1768055
2017_05,Geoje,15.77352941,34.1,44.0,0.4,Neutral,246.36842,8.075892
2017_05,Incheon,16.17693548,31.48,16.0,0.4,Neutral,261.45673,8.070334
2017_05,Ulleungdo,15.61788694,33.8,234.0,0.4,Neutral,272.42737,8.118381
2017_06,Geoje,17.6429661,33.9,32.0,0.3,Neutral,229.87463,8.040516
2017_06,Incheon,20.48422715,31.5,61.0,0.3,Neutral,239.4282,8.005232
2017_06,Ulleungdo,18.34045534,33.8,27.0,0.3,Neutral,252.93922,8.06882
2017_07,Geoje,19.03289617,39.6,31.0,-0.1,Neutral,213.43398,7.987531
2017_07,Incheon,24.79151882,29.0,19.0,-0.1,Neutral,217.89452,7.9578385
2017_07,Ulleungdo,24.00383266,33.3,138.0,-0.1,Neutral,230.66667,8.012228
2017_08,Geoje,28.73291498,38.1,16.0,-0.3,Neutral,202.82352,7.994432
2017_08,Incheon,26.0686828,27.5,28.0,-0.3,Neutral,211.02739,7.9828806
2017_08,Ulleungdo,25.95708049,33.3,126.0,-0.3,Neutral,218.66536,8.005531
2017_09,Geoje,24.60001658,36.6,23.0,-0.5,LaNiNa,209.63943,8.039319
2017_09,Incheon,24.10331915,29.0,61.0,-0.5,LaNiNa,220.23592,8.043486
2017_09,Ulleungdo,23.49558205,33.2,54.0,-0.5,LaNiNa,224.1848,8.047571
2017_10,Geoje,20.5819403,35.1,2.0,-0.6,LaNiNa,217.12743,8.079569
2017_10,Incheon,19.83806452,30.2,11.0,-0.6,LaNiNa,234.14888,8.088448
2017_10,Ulleungdo,20.10951524,32.9,72.0,-0.6,LaNiNa,235.23923,8.098052
2017_11,Geoje,16.28461538,33.6,11.0,-0.8,LaNiNa,230.9477,8.12164
2017_11,Incheon,16.87,30.65,11.0,-0.8,LaNiNa,253.64029,8.1343775
2017_11,Ulleungdo,16.85695833,32.8,69.0,-0.8,LaNiNa,247.50275,8.140246
2017_12,Geoje,13.67677419,34.0,19.0,-1.0,LaNiNa,245.8451,8.14778
2017_12,Incheon,5.312018779,31.1,29.0,-1.0,LaNiNa,270.05508,8.176362
2017_12,Ulleungdo,12.78784367,33.8,1.0,-1.0,LaNiNa,256.21484,8.159534
2018_01,Geoje,11.83689516,34.2,4.0,-1.1,LaNiNa,252.26924,8.149338
2018_01,Incheon,1.861942675,31.3,51.0,-1.1,LaNiNa,280.9888,8.198469
2018_01,Ulleungdo,9.976511628,33.6,47.0,-1.1,LaNiNa,265.919,8.165929
2018_02,Geoje,11.25308955,34.4,39.0,-1.0,LaNiNa,265.76776,8.163561
2018_02,Incheon,0.106636905,31.3,12.0,-1.0,LaNiNa,296.77872,8.217139
2018_02,Ulleungdo,8.794774096,33.8,21.0,-1.0,LaNiNa,275.8837,8.173166
2018_03,Geoje,11.96564516,34.0,65.0,-0.4,Neutral,266.84857,8.151892
2018_03,Incheon,4.804099462,30.8,32.0,-0.4,Neutral,298.59714,8.193304
2018_03,Ulleungdo,9.200606061,33.6,39.0,-0.4,Neutral,287.92825,8.180346
2018_04,Geoje,13.62436111,33.9,21.0,-0.1,Neutral,258.32587,8.117223
2018_04,Incheon,9.699274756,30.3,49.0,-0.1,Neutral,285.00842,8.145549
2018_04,Ulleungdo,10.97978622,33.0,62.0,-0.1,Neutral,295.1709,8.178023
2018_05,Geoje,15.4597043,33.8,89.0,0.0,Neutral,244.87431,8.080907
2018_05,Incheon,13.85958491,29.4,32.0,0.0,Neutral,263.89856,8.077102
2018_05,Ulleungdo,16.30651882,27.5,184.0,0.0,Neutral,275.8485,8.123525
2018_06,Geoje,18.77254167,33.6,89.0,-0.1,Neutral,226.93306,8.030634
2018_06,Incheon,18.49279167,29.2,124.0,-0.1,Neutral,239.0629,7.9948807
2018_06,Ulleungdo,18.73970833,32.4,31.0,-0.1,Neutral,251.46405,8.061147
2018_07,Geoje,22.39695418,32.1,48.0,0.0,Neutral,213.29433,7.9976754
2018_07,Incheon,22.41359184,28.4,39.0,0.0,Neutral,220.50723,7.9718566
2018_07,Ulleungdo,20.60126227,38.0,26.0,0.0,Neutral,232.7172,8.016165
2018_08,Geoje,26.52159664,32.4,50.0,0.2,Neutral,203.72383,7.9961624
2018_08,Incheon,26.40321477,30.3,6.0,0.2,Neutral,208.93741,7.9823227
2018_08,Ulleungdo,22.44746082,41.9,220.0,0.2,Neutral,218.10007,7.995905
2018_09,Geoje,22.37724138,30.2,26.0,0.5,ElNiNo,207.59161,8.038343
2018_09,Incheon,23.1027259,28.6,43.0,0.5,ElNiNo,216.71375,8.047301
2018_09,Ulleungdo,20.88063889,39.0,27.0,0.5,ElNiNo,222.88232,8.037091
2018_10,Geoje,19.68885402,29.9,10.0,0.8,ElNiNo,219.4381,8.087803
2018_10,Incheon,17.76413978,30.2,11.0,0.8,ElNiNo,234.91507,8.095428
2018_10,Ulleungdo,19.34793011,35.3,18.0,0.8,ElNiNo,233.85458,8.087385
2018_11,Geoje,16.65622222,32.7,1.0,1.0,ElNiNo,231.74406,8.12471
2018_11,Incheon,12.79828909,29.7,18.0,1.0,ElNiNo,251.09343,8.131744
2018_11,Ulleungdo,18.69005556,32.5,13.0,1.0,ElNiNo,246.61803,8.133788
2018_12,Geoje,14.69382234,33.3,2.0,0.8,ElNiNo,241.98997,8.145706
2018_12,Incheon,6.086048387,30.4,26.0,0.8,ElNiNo,265.96652,8.165495
2018_12,Ulleungdo,17.58498656,29.7,4.0,0.8,ElNiNo,255.57423,8.159508
2019_01,Geoje,12.57670554,33.4,0.0,0.7,ElNiNo,252.82004,8.1627
2019_01,Incheon,1.989821183,31.6,7.0,0.7,ElNiNo,281.30847,8.206991
2019_01,Ulleungdo,16.40698925,26.1,15.0,0.7,ElNiNo,262.76672,8.168636
2019_02,Geoje,12.82523952,32.6,3.0,0.7,ElNiNo,259.11447,8.161632
2019_02,Incheon,1.953472429,30.8,40.0,0.7,ElNiNo,293.14285,8.22675
2019_02,Ulleungdo,15.60810893,24.8,25.0,0.7,ElNiNo,270.33267,8.17589
2019_03,Geoje,13.83939477,32.8,18.0,0.8,ElNiNo,265.14722,8.159591
2019_03,Incheon,6.183801653,29.7,47.0,0.8,ElNiNo,296.33652,8.224897
2019_03,Ulleungdo,11.90589147,33.9,26.0,0.8,ElNiNo,281.61044,8.188563
2019_04,Geoje,13.73430556,34.2,94.0,0.8,ElNiNo,259.72595,8.144151
2019_04,Incheon,9.924603616,29.9,54.0,0.8,ElNiNo,289.77924,8.189239
2019_04,Ulleungdo,12.35008333,33.8,62.0,0.8,ElNiNo,287.29364,8.190011
2019_05,Geoje,15.91984722,33.8,44.0,0.7,ElNiNo,246.15234,8.098687
2019_05,Incheon,15.3396496,30.3,48.0,0.7,ElNiNo,271.5523,8.124066
2019_05,Ulleungdo,15.96099462,33.9,99.0,0.7,ElNiNo,271.34225,8.139659
2019_06,Geoje,18.87948636,33.6,150.0,0.6,ElNiNo,233.11891,8.058329
2019_06,Incheon,20.28535664,30.0,58.0,0.6,ElNiNo,248.45634,8.047183
2019_06,Ulleungdo,18.47295833,34.0,38.0,0.6,ElNiNo,250.75783,8.085212
2019_07,Geoje,21.27087957,32.9,37.0,0.4,Neutral,220.51718,8.032337
2019_07,Incheon,23.90721774,30.7,43.0,0.4,Neutral,229.9867,7.9987674
2019_07,Ulleungdo,22.09643817,33.3,7.0,0.4,Neutral,233.65468,8.043709
2019_08,Geoje,24.98639321,32.8,48.0,0.2,Neutral,207.9277,7.9944997
2019_08,Incheon,26.63844086,29.5,41.0,0.2,Neutral,216.7174,7.9876122
2019_08,Ulleungdo,25.10134409,32.7,20.0,0.2,Neutral,220.16583,8.010725
2019_09,Geoje,23.58120833,32.4,92.0,0.2,Neutral,208.51968,8.036947
2019_09,Incheon,24.57488079,28.6,28.0,0.2,Neutral,221.27287,8.040397
2019_09,Ulleungdo,23.38127273,32.2,77.0,0.2,Neutral,222.91599,8.040136
2019_10,Geoje,21.12753687,32.0,12.0,0.4,Neutral,214.82176,8.078219
2019_10,Incheon,20.75861976,29.8,16.0,0.4,Neutral,232.40303,8.09112
2019_10,Ulleungdo,19.78245968,32.3,10.0,0.4,Neutral,231.64232,8.091164
2019_11,Geoje,17.53921238,33.9,3.0,0.6,ElNiNo,226.64209,8.117743
2019_11,Incheon,14.47481844,30.8,23.0,0.6,ElNiNo,249.69655,8.141158
2019_11,Ulleungdo,17.00906944,33.1,109.0,0.6,ElNiNo,242.373,8.13494
2019_12,Geoje,14.83618919,33.9,8.0,0.6,ElNiNo,239.82275,8.147332
2019_12,Incheon,7.952849462,31.1,22.0,0.6,ElNiNo,269.2818,8.186089
2019_12,Ulleungdo,15.0086828,33.4,5.0,0.6,ElNiNo,250.36806,8.155928
2020_01,Geoje,13.63282051,34.1,12.0,0.5,ElNiNo,248.23718,8.153518
2020_01,Incheon,5.16153527,30.6,17.0,0.5,ElNiNo,281.08224,8.204239
2020_01,Ulleungdo,13.13342742,33.7,3.0,0.5,ElNiNo,256.4005,8.164134
2020_02,Geoje,12.98874052,34.1,36.0,0.5,ElNiNo,257.3319,8.15808
2020_02,Incheon,5.054956897,30.4,14.0,0.5,ElNiNo,289.62253,8.210364
2020_02,Ulleungdo,11.80547414,33.4,1.0,0.5,ElNiNo,265.6038,8.172081
2020_03,Geoje,12.88533602,34.1,2.0,0.5,ElNiNo,262.89386,8.153125
2020_03,Incheon,7.268185484,30.1,64.0,0.5,ElNiNo,293.22607,8.195956
2020_03,Ulleungdo,11.17240591,33.7,1.0,0.5,ElNiNo,277.9691,8.183177
2020_04,Geoje,14.06974922,34.2,7.0,0.3,Neutral,261.06567,8.137365
2020_04,Incheon,10.81342179,30.0,9.0,0.3,Neutral,288.27313,8.163627
2020_04,Ulleungdo,11.59202946,33.9,43.0,0.3,Neutral,285.69904,8.188773
2020_05,Geoje,15.645,33.8,11.0,0.0,Neutral,250.4231,8.094707
2020_05,Incheon,15.29350806,30.8,33.0,0.0,Neutral,269.87552,8.103619
2020_05,Ulleungdo,14.63576043,33.6,76.0,0.0,Neutral,273.77652,8.144442
2020_06,Geoje,18.5070597,33.3,31.0,-0.2,Neutral,232.12827,8.037018
2020_06,Incheon,20.59704167,30.2,88.0,-0.2,Neutral,246.43665,8.021159
2020_06,Ulleungdo,19.30052778,33.6,5.0,-0.2,Neutral,250.47322,8.07211
2020_07,Geoje,19.76844086,30.1,12.0,-0.3,Neutral,222.13095,8.021726
2020_07,Incheon,23.02134409,29.5,50.0,-0.3,Neutral,233.4066,8.005827
2020_07,Ulleungdo,20.55021505,32.6,27.0,-0.3,Neutral,234.72548,8.0400715
2020_08,Geoje,21.75677419,30.0,21.0,-0.5,LaNiNa,211.08615,7.9903398
2020_08,Incheon,24.34144399,23.7,136.0,-0.5,LaNiNa,222.61414,7.9967585
2020_08,Ulleungdo,23.39245968,32.6,83.0,-0.5,LaNiNa,223.98302,8.011265
2020_09,Geoje,23.39083333,29.6,2.0,-0.9,LaNiNa,210.43864,8.0338125
2020_09,Incheon,23.95745429,25.6,20.0,-0.9,LaNiNa,223.183,8.036544
2020_09,Ulleungdo,21.01627675,32.8,24.0,-0.9,LaNiNa,223.48152,8.036507
2020_10,Geoje,20.56684134,31.5,13.0,-1.1,LaNiNa,220.42372,8.081849
2020_10,Incheon,18.76170579,28.2,32.0,-1.1,LaNiNa,237.30182,8.091679
2020_10,Ulleungdo,20.44817791,32.8,16.0,-1.1,LaNiNa,233.37123,8.088093
2020_11,Geoje,17.01002778,32.5,0.0,-1.2,LaNiNa,232.33316,8.121203
2020_11,Incheon,13.64447222,29.1,18.0,-1.2,LaNiNa,254.56815,8.136349
2020_11,Ulleungdo,17.68898611,33.0,3.0,-1.2,LaNiNa,244.96701,8.130544
2020_12,Geoje,14.15512097,33.4,0.0,-1.1,LaNiNa,239.68848,8.143315
2020_12,Incheon,6.84574124,29.4,0.0,-1.1,LaNiNa,270.80118,8.174833
2020_12,Ulleungdo,14.78578947,33.4,4.0,-1.1,LaNiNa,250.8671,8.150643
2021_01,Geoje,12.44162853,33.7,2.0,-1.1,LaNiNa,250.58687,8.149686
2021_01,Incheon,1.971115591,29.9,12.0,-1.1,LaNiNa,284.9441,8.195867
2021_01,Ulleungdo,11.96255376,33.7,2.0,-1.1,LaNiNa,258.92688,8.162079
2021_02,Geoje,12.52558917,33.8,3.0,-0.9,LaNiNa,263.391,8.1547575
2021_02,Incheon,2.541458333,29.8,91.0,-0.9,LaNiNa,297.3787,8.203145
2021_02,Ulleungdo,10.61212798,33.9,5.0,-0.9,LaNiNa,268.15503,8.16783
2021_03,Geoje,12.97590054,33.6,10.0,-0.8,LaNiNa,264.43304,8.144034
2021_03,Incheon,6.211298883,28.2,286.0,-0.8,LaNiNa,300.0665,8.184892
2021_03,Ulleungdo,11.16604839,33.9,3.0,-0.8,LaNiNa,280.88556,8.178818
2021_04,Geoje,14.71800836,34.0,37.0,-0.7,LaNiNa,254.9607,8.119067
2021_04,Incheon,11.29153409,28.9,230.0,-0.7,LaNiNa,286.66608,8.144002
2021_04,Ulleungdo,14.05959722,33.9,64.0,-0.7,LaNiNa,287.86127,8.182278
2021_05,Geoje,16.19423957,34.0,22.0,-0.5,LaNiNa,243.63852,8.081372
2021_05,Incheon,15.14748656,28.5,267.0,-0.5,LaNiNa,268.14114,8.089094
2021_05,Ulleungdo,15.78842336,34.1,57.0,-0.5,LaNiNa,272.3792,8.137059
2021_06,Geoje,18.94694524,33.5,17.0,-0.4,Neutral,228.7501,8.034606
2021_06,Incheon,19.65351389,27.5,405.0,-0.4,Neutral,245.84833,8.013931
2021_06,Ulleungdo,19.19766342,33.8,110.0,-0.4,Neutral,251.1417,8.070939
2021_07,Geoje,24.13198895,31.5,120.0,-0.4,Neutral,214.73509,7.9914
2021_07,Incheon,24.53739247,28.6,118.0,-0.4,Neutral,227.8978,7.970781
2021_07,Ulleungdo,24.4830914,33.1,103.0,-0.4,Neutral,228.909,8.0064535
2021_08,Geoje,26.28011034,31.0,43.0,-0.5,LaNiNa,208.0584,7.989177
2021_08,Incheon,26.79294355,28.4,189.0,-0.5,LaNiNa,217.82901,7.9765887
2021_08,Ulleungdo,26.00776882,32.3,10.0,-0.5,LaNiNa,218.95297,8.005453
2021_09,Geoje,24.01633333,30.4,9.0,-0.6,LaNiNa,209.2598,8.027828
2021_09,Incheon,24.57366667,28.9,78.0,-0.6,LaNiNa,221.51152,8.027337
2021_09,Ulleungdo,23.47587413,32.0,8.0,-0.6,LaNiNa,223.1351,8.038058
2021_10,Geoje,22.38834677,31.7,26.0,-0.8,LaNiNa,214.72083,8.054504
2021_10,Incheon,20.83658602,29.4,76.0,-0.8,LaNiNa,230.14134,8.075284
2021_10,Ulleungdo,21.28763441,32.1,114.0,-0.8,LaNiNa,231.18567,8.079854
2021_11,Geoje,17.04413649,33.2,1.0,-1.0,LaNiNa,229.91821,8.108722
2021_11,Incheon,14.56434722,29.9,35.0,-1.0,LaNiNa,250.15485,8.13506
2021_11,Ulleungdo,17.75543056,33.0,26.0,-1.0,LaNiNa,243.83096,8.127106
2021_12,Geoje,14.08322581,34.0,30.0,-1.0,LaNiNa,243.90074,8.144951
2021_12,Incheon,7.787741935,30.1,2.0,-1.0,LaNiNa,269.14423,8.17165
2021_12,Ulleungdo,14.43071237,33.8,12.0,-1.0,LaNiNa,254.69186,8.152457
2022_01,Geoje,12.62430108,34.1,0.0,-1.0,LaNiNa,251.93173,8.154037
2022_01,Incheon,2.869391425,29.3,0.0,-1.0,LaNiNa,284.53232,8.194775
2022_01,Ulleungdo,11.04135753,33.9,15.0,-1.0,LaNiNa,262.5194,8.163278
2022_02,Geoje,11.18260417,34.2,0.0,-0.9,LaNiNa,263.29443,8.157581
2022_02,Incheon,2.271904762,30.4,6.0,-0.9,LaNiNa,296.9063,8.209661
2022_02,Ulleungdo,10.23103448,33.9,59.0,-0.9,LaNiNa,270.46555,8.170936
2022_03,Geoje,12.24245968,34.0,14.0,-1.0,LaNiNa,273.32468,8.155651
2022_03,Incheon,5.397956989,30.3,14.0,-1.0,LaNiNa,300.8606,8.202037
2022_03,Ulleungdo,9.638669355,33.6,235.0,-1.0,LaNiNa,285.07657,8.182552
2022_04,Geoje,13.87566667,33.7,19.0,-1.1,LaNiNa,258.93814,8.119399
2022_04,Incheon,10.93420833,30.1,37.0,-1.1,LaNiNa,288.9744,8.156126
2022_04,Ulleungdo,11.85894444,33.6,152.0,-1.1,LaNiNa,290.2069,8.179269
2022_05,Geoje,15.88776882,33.4,20.0,-1.0,LaNiNa,244.61964,8.080711
2022_05,Incheon,16.41215054,30.2,7.0,-1.0,LaNiNa,268.24796,8.089388
2022_05,Ulleungdo,16.05530914,33.6,343.0,-1.0,LaNiNa,271.8445,8.125238
2022_06,Geoje,19.08481944,33.5,41.0,-0.9,LaNiNa,230.90305,8.045647
2022_06,Incheon,20.87598611,30.2,10.0,-0.9,LaNiNa,244.3748,8.017221
2022_06,Ulleungdo,19.05197222,32.8,260.0,-0.9,LaNiNa,250.58588,8.072713
2022_07,Geoje,21.35837366,33.3,4.0,-0.8,LaNiNa,214.76013,7.9841013
2022_07,Incheon,24.83793011,27.3,7.0,-0.8,LaNiNa,224.10516,7.9716935
2022_07,Ulleungdo,23.07447297,32.6,135.0,-0.8,LaNiNa,229.96432,8.013491
2022_08,Geoje,22.84297043,32.2,68.0,-0.9,LaNiNa,206.57484,7.9871407
2022_08,Incheon,26.64965054,25.1,14.0,-0.9,LaNiNa,216.10918,7.9817348
2022_08,Ulleungdo,25.19501344,32.3,190.0,-0.9,LaNiNa,220.37698,8.003104
2022_09,Geoje,23.87227778,30.0,10.0,-1.0,LaNiNa,208.74968,8.0323925
2022_09,Incheon,24.24851389,26.8,3.0,-1.0,LaNiNa,225.48517,8.042067
2022_09,Ulleungdo,22.13309722,32.1,46.0,-1.0,LaNiNa,224.79906,8.041769
2022_10,Geoje,21.09721774,29.8,30.0,-1.0,LaNiNa,218.99944,8.0758295
2022_10,Incheon,19.39601615,28.1,7.0,-1.0,LaNiNa,241.23262,8.097218
2022_10,Ulleungdo,20.70901882,32.6,60.0,-1.0,LaNiNa,233.79463,8.09156
2022_11,Geoje,18.47520833,32.2,24.0,-0.9,LaNiNa,232.70978,8.115132
2022_11,Incheon,14.97631944,29.1,0.0,-0.9,LaNiNa,257.28018,8.134751
2022_11,Ulleungdo,18.55526389,33.0,5.0,-0.9,LaNiNa,244.13232,8.131887
2022_12,Geoje,15.05862903,32.4,1.0,-0.8,LaNiNa,243.71811,8.141945
2022_12,Incheon,6.743790323,29.5,0.0,-0.8,LaNiNa,271.38754,8.170533
2022_12,Ulleungdo,15.70083333,33.7,21.0,-0.8,LaNiNa,251.88457,8.1499815
2023_01,Geoje,12.48568151,32.4,30.0,-0.7,LaNiNa,252.0329285,8.154239655
2023_01,Incheon,3.027172131,29.7,1.0,-0.7,LaNiNa,283.3454895,8.196585655
2023_01,Ulleungdo,13.11376871,33.5,12.0,-0.7,LaNiNa,258.3848572,8.163181305
2023_02,Geoje,12.4674584,33.5,99.0,-0.4,Neutral,262.6201477,8.158413887
2023_02,Incheon,3.095565476,29.9,22.0,-0.4,Neutral,294.8900146,8.206965446
2023_02,Ulleungdo,12.4946131,32.3,32.0,-0.4,Neutral,266.4589539,8.17099762
2023_03,Geoje,13.86287634,32.6,4.0,-0.1,Neutral,266.082428,8.152887344
2023_03,Incheon,6.567647849,30.0,1.0,-0.1,Neutral,297.5444946,8.195837021
2023_03,Ulleungdo,12.85247312,32.2,48.0,-0.1,Neutral,280.8120728,8.18165493
2023_04,Geoje,15.41601389,33.4,247.0,0.2,Neutral,260.5029907,8.131337166
2023_04,Incheon,11.09441667,29.9,39.0,0.2,Neutral,288.0874023,8.157963753
2023_04,Ulleungdo,14.79563889,32.5,44.0,0.2,Neutral,288.0102844,8.182813644
2023_05,Geoje,16.52670699,33.0,39.0,0.5,ElNiNo,245.2449799,8.088131905
2023_05,Incheon,15.86682796,29.6,21.0,0.5,ElNiNo,266.9956665,8.095629692
2023_05,Ulleungdo,17.09173387,32.2,140.0,0.5,ElNiNo,272.5677795,8.13248539
2023_06,Geoje,18.987625,32.9,9.0,0.8,ElNiNo,228.408783,8.040202141
2023_06,Incheon,20.85852778,29.5,2.0,0.8,ElNiNo,242.5595245,8.013335228
2023_06,Ulleungdo,22.55752778,32.4,31.0,0.8,ElNiNo,250.706192,8.069105148
2023_07,Geoje,21.83763441,31.2,253.0,1.1,ElNiNo,215.4056396,8.006690979
2023_07,Incheon,24.3975,26.1,15.0,1.1,ElNiNo,225.3822021,7.981808662
2023_07,Ulleungdo,24.51366083,32.5,27.0,1.1,ElNiNo,232.4877014,8.023346901
2023_08,Geoje,26.56893243,29.5,124.0,1.3,ElNiNo,207.4466095,7.996866226
2023_08,Incheon,27.06708277,26.8,13.0,1.3,ElNiNo,216.3023071,7.985359192
2023_08,Ulleungdo,27.76341398,32.8,126.0,1.3,ElNiNo,221.7572784,8.009005547
2023_09,Geoje,25.5269671,29.3,0.0,1.6,ElNiNo,209.5875397,8.032063484
2023_09,Incheon,25.78368056,27.7,3.0,1.6,ElNiNo,220.8829498,8.035118103
2023_09,Ulleungdo,26.57123611,31.8,7.0,1.6,ElNiNo,223.1094666,8.039140701
2023_10,Geoje,20.9966761,31.8,5.0,1.8,ElNiNo,218.3888092,8.076211929
2023_10,Incheon,20.60438005,28.7,13.0,1.8,ElNiNo,233.5743256,8.080275536
2023_10,Ulleungdo,20.77080808,32.6,46.0,1.8,ElNiNo,232.5905457,8.087333679
2023_11,Geoje,16.4925419,33.4,0.0,1.9,ElNiNo,231.2243652,8.118162155
2023_11,Incheon,14.16822222,29.2,1.0,1.9,ElNiNo,252.8245392,8.132254601
2023_11,Ulleungdo,18.938375,33.0,15.0,1.9,ElNiNo,244.016098,8.130970001
2023_12,Geoje,14.47540166,33.8,0.0,2.0,ElNiNo,243.7619324,8.147723198
2023_12,Incheon,6.904086022,29.5,0.0,2.0,ElNiNo,270.9493103,8.170929909
2023_12,Ulleungdo,15.13744624,33.2,10.0,2.0,ElNiNo,253.0644379,8.153258324
2024_01,Geoje,12.88395161,33.8,0.0,1.8,ElNiNo,252.0329285,8.154280663
2024_01,Incheon,3.927930108,29.5,4.0,1.8,ElNiNo,283.3454895,8.197262764
2024_01,Ulleungdo,12.1493844,33.2,2.0,1.8,ElNiNo,258.3848572,8.162941933
2024_02,Geoje,12.62451149,33.8,25.0,1.5,ElNiNo,262.6201477,8.158479691
2024_02,Incheon,4.217083333,29.7,6.0,1.5,ElNiNo,294.8900146,8.207863808
2024_02,Ulleungdo,10.90439655,33.2,12.0,1.5,ElNiNo,266.4589539,8.170801163
2024_03,Geoje,12.48341463,33.8,1.0,1.1,ElNiNo,266.082428,8.152942657
2024_03,Incheon,6.542473118,29.5,2.0,1.1,ElNiNo,297.5444946,8.196878433
2024_03,Ulleungdo,10.93862903,33.4,7.0,1.1,ElNiNo,280.8120728,8.181465149
2024_04,Geoje,15.23482566,33.4,0.0,0.7,ElNiNo,260.5029907,8.13145256
2024_04,Incheon,11.64744444,29.4,25.0,0.7,ElNiNo,288.0874023,8.159900665
2024_04,Ulleungdo,13.81060393,33.6,167.0,0.7,ElNiNo,288.0102844,8.182484627
2024_05,Geoje,17.05021505,33.6,107.0,0.4,Neutral,245.2449799,8.088187218
2024_05,Incheon,16.44787634,29.0,17.0,0.4,Neutral,266.9956665,8.097826958
2024_05,Ulleungdo,15.7509543,33.6,54.0,0.4,Neutral,272.5677795,8.132155418
2024_06,Geoje,18.68577778,33.9,17.0,0.2,Neutral,228.408783,8.040324211
2024_06,Incheon,21.62358333,29.3,4.0,0.2,Neutral,242.5595245,8.014499664
2024_06,Ulleungdo,20.81427778,33.7,114.0,0.2,Neutral,250.706192,8.069028854
2024_07,Geoje,19.59607527,31.8,0.0,0.0,Neutral,215.4056396,8.006777763
2024_07,Incheon,24.97194892,26.6,3.0,0.0,Neutral,225.3822021,7.982316494
2024_07,Ulleungdo,23.39150538,33.3,76.0,0.0,Neutral,232.4877014,8.023301125
2024_08,Geoje,25.72,31.4,19.0,-0.1,Neutral,207.4466095,7.996855736
2024_08,Incheon,28.40760753,27.1,0.0,-0.1,Neutral,216.3023071,7.985344887
2024_08,Ulleungdo,28.05206989,32.4,58.0,-0.1,Neutral,221.7572784,8.009225845
2024_09,Geoje,27.33048023,30.4,1.0,-0.2,Neutral,209.5875397,8.031949997
2024_09,Incheon,27.68227778,28.5,1.0,-0.2,Neutral,220.8829498,8.03454113
2024_09,Ulleungdo,26.97633333,30.5,12.0,-0.2,Neutral,223.1094666,8.039477348
2024_10,Geoje,22.80216398,31.5,2.0,-0.3,Neutral,218.3888092,8.076095581
2024_10,Incheon,21.88872312,29.2,0.0,-0.3,Neutral,233.5743256,8.080204964
2024_10,Ulleungdo,23.2373985,31.4,31.0,-0.3,Neutral,232.5905457,8.087427139
2024_11,Geoje,19.15751389,33.2,0.0,-0.4,Neutral,231.2243652,8.118126869
2024_11,Incheon,15.94561111,30.0,0.0,-0.4,Neutral,252.8245392,8.131999016
2024_11,Ulleungdo,20.19808333,32.6,0.0,-0.4,Neutral,244.016098,8.131333351
2024_12,Geoje,14.58008065,34.1,0.0,-0.5,LaNiNa,243.7619324,8.147684097
2024_12,Incheon,7.829497283,30.3,0.0,-0.5,LaNiNa,270.9493103,8.171124458
2024_12,Ulleungdo,15.70686828,33.1,0.0,-0.5,LaNiNa,253.0644379,8.153194427
2025_01,Geoje,12.72723902,34.0240513,22.506199059930147,-0.486,Neutral,252.0329285,8.154265404
2025_01,Incheon,4.427524995,30.07859868,4.072728822590761,-0.486,Neutral,283.3454895,8.197485924
2025_01,Ulleungdo,13.27185038,33.64768625,5.85605328427005,-0.486,Neutral,258.3848572,8.162666321
2025_02,Geoje,12.55443409,34.09114785,60.46639923088506,-0.379,Neutral,262.6201477,8.15847683
2025_02,Incheon,3.921693333,29.78766244,20.0497622897974,-0.379,Neutral,294.8900146,8.208119392
2025_02,Ulleungdo,12.02851507,33.80119057,45.453906158203104,-0.379,Neutral,266.4589539,8.170529366
2025_03,Geoje,13.28086877,34.00694569,7.768520739651681,-0.218,Neutral,266.082428,8.15294838
2025_03,Incheon,7.431819692,29.93997714,9.169831538689323,-0.218,Neutral,297.5444946,8.197171211
2025_03,Ulleungdo,11.57641202,33.99389537,113.47041390522908,-0.218,Neutral,280.8120728,8.181189537
2025_04,Geoje,15.35408789,33.91512655,144.0265455012026,-0.065,Neutral,260.5029907,8.131487846
2025_04,Incheon,12.11919451,29.99608695,14.415171374927013,-0.065,Neutral,288.0874023,8.16043663
2025_04,Ulleungdo,13.45224929,34.00726969,125.50958135731122,-0.065,Neutral,288.0102844,8.182359695
2025_05,Geoje,16.84892636,33.84104854,34.55306537865637,0.06,Neutral,245.2449799,8.088247299
2025_05,Incheon,16.95283556,30.05626296,8.192633579614267,0.06,Neutral,266.9956665,8.098409653
2025_05,Ulleungdo,16.57464333,33.97562071,178.17898310399835,0.06,Neutral,272.5677795,8.132493019
2025_06,Geoje,19.03335744,32.85761401,23.01777745527324,0.189,Neutral,228.408783,8.040383339
2025_06,Incheon,21.73424726,30.04397913,28.608601343308692,0.189,Neutral,242.5595245,8.014816284
2025_06,Ulleungdo,20.33494193,33.37497974,148.17181126783808,0.189,Neutral,250.706192,8.069450378
2025_07,Geoje,21.0509173,32.04941621,150.5875638930295,0.346,Neutral,215.4056396,8.006821632
2025_07,Incheon,25.44465818,26.86631062,28.43041455596358,0.346,Neutral,225.3822021,7.982461452
2025_07,Ulleungdo,23.59749944,32.80047996,88.00278045911197,0.346,Neutral,232.4877014,8.023564339
2025_08,Geoje,26.04042934,32.11072425,89.96685003166144,0.541,ElNiNo,207.4466095,7.996842384
2025_08,Incheon,27.88317687,26.35005363,56.56339303468667,0.541,ElNiNo,216.3023071,7.985362053
2025_08,Ulleungdo,26.5053946,32.14205089,136.009708543772,0.541,ElNiNo,221.7572784,8.009336472
2025_09,Geoje,26.27874502,31.39138074,40.095836145012534,0.789,ElNiNo,209.5875397,8.031867981
2025_09,Incheon,25.88845674,28.13057038,23.545685244324886,0.789,ElNiNo,220.8829498,8.034441948
2025_09,Ulleungdo,24.37790522,32.02757835,29.11460165651603,0.789,ElNiNo,223.1094666,8.039229393
2025_10,Geoje,21.95105531,31.65421184,13.814650070113649,1.094,ElNiNo,218.3888092,8.076032639
2025_10,Incheon,21.3080601,29.17804379,21.195741961589192,1.094,ElNiNo,233.5743256,8.080226898
2025_10,Ulleungdo,21.62822644,32.50344328,52.695237717890535,1.094,ElNiNo,232.5905457,8.087155342
2025_11,Geoje,17.95984635,33.01119099,11.821863798711714,1.461,ElNiNo,231.2243652,8.118055344
2025_11,Incheon,15.86468369,29.74064278,8.854603369545657,1.461,ElNiNo,252.8245392,8.131957054
2025_11,Ulleungdo,19.02512607,33.3833345,21.96374775565911,1.461,ElNiNo,244.016098,8.131102562
2025_12,Geoje,14.72954584,33.71443429,12.05282282125394,1.904,ElNiNo,243.7619324,8.147654533
2025_12,Incheon,8.402313761,29.77223411,5.885834123054337,1.904,ElNiNo,270.9493103,8.171182632
2025_12,Ulleungdo,15.86231536,33.75716495,26.33138686917775,1.904,ElNiNo,253.0644379,8.152819633
2026_01,Geoje,12.94586493,34.01324736,21.666616993587233,2.343,ElNiNo,252.0329285,8.154319763
2026_01,Incheon,4.667929394,29.86832955,0.36489412338414695,2.343,ElNiNo,283.3454895,8.197296143
2026_01,Ulleungdo,13.45324371,33.50525005,12.8480202434486,2.343,ElNiNo,258.3848572,8.162842751
2026_02,Geoje,12.72599719,34.20494727,42.3595701464479,2.603,ElNiNo,262.6201477,8.158488274
2026_02,Incheon,4.139309669,29.89445293,12.807491786199535,2.603,ElNiNo,294.8900146,8.207857132
2026_02,Ulleungdo,12.21830808,33.72530018,35.4620405524862,2.603,ElNiNo,266.4589539,8.170697212
2026_03,Geoje,13.10173347,34.16051614,4.309468638349503,2.687,ElNiNo,266.082428,8.152927399
2026_03,Incheon,7.491593749,29.93153253,4.168031012296524,2.687,ElNiNo,297.5444946,8.196866035
2026_03,Ulleungdo,11.72781877,33.41735563,60.15257716553683,2.687,ElNiNo,280.8120728,8.181368828
2026_04,Geoje,15.44407468,33.73217816,97.91843189734197,2.672,ElNiNo,260.5029907,8.131350517
2026_04,Incheon,12.21491582,29.86328373,11.740804769714487,2.672,ElNiNo,288.0874023,8.159851074
2026_04,Ulleungdo,13.5493466,33.23171544,114.11834176630505,2.672,ElNiNo,288.0102844,8.18247509
2026_05,Geoje,17.06630024,33.5383563,71.6585120817812,2.613,ElNiNo,245.2449799,8.088019371
2026_05,Incheon,17.04247933,29.96198698,6.573726038844143,2.613,ElNiNo,266.9956665,8.097719193
2026_05,Ulleungdo,16.73787342,32.66357195,129.4268999725892,2.613,ElNiNo,272.5677795,8.132356644
2026_06,Geoje,19.03145707,32.3695853,19.935655239359548,2.53,ElNiNo,228.408783,8.040164948
2026_06,Incheon,21.86543533,29.58029739,30.86906613748124,2.53,ElNiNo,242.5595245,8.014438629
2026_06,Ulleungdo,20.42427187,32.80035452,98.78129481288519,2.53,ElNiNo,250.706192,8.069224358
2026_07,Geoje,20.60699219,29.89136939,82.67988200112761,2.428,ElNiNo,215.4056396,8.006661415
2026_07,Incheon,25.53683396,25.7991743,37.51688255230238,2.428,ElNiNo,225.3822021,7.982293129
2026_07,Ulleungdo,23.72242,32.84110939,67.00787972119491,2.428,ElNiNo,232.4877014,8.023424149
2026_08,Geoje,26.04927053,29.23579275,53.61959200401163,2.299,ElNiNo,207.4466095,7.996891975
2026_08,Incheon,28.08217508,26.72342621,40.5716910899946,2.299,ElNiNo,216.3023071,7.985352993
2026_08,Ulleungdo,26.52794663,32.04831518,112.86284239904928,2.299,ElNiNo,221.7572784,8.009241104
2026_09,Geoje,26.83526526,30.77011643,20.07202992833281,2.138,ElNiNo,209.5875397,8.032171249
2026_09,Incheon,26.22350122,28.32316194,11.250992947975647,2.138,ElNiNo,220.8829498,8.034622192
2026_09,Ulleungdo,24.32812007,32.05945994,21.143701161893734,2.138,ElNiNo,223.1094666,8.039311409
2026_10,Geoje,22.42749401,32.39582657,7.763512989957153,1.946,ElNiNo,218.3888092,8.076267242
2026_10,Incheon,21.51306417,29.19360866,14.36057826713295,1.946,ElNiNo,233.5743256,8.080237389
2026_10,Ulleungdo,21.64668355,32.98211797,49.060602280426586,1.946,ElNiNo,232.5905457,8.087294579
2026_11,Geoje,18.57460999,33.46390976,6.79137674093861,1.804,ElNiNo,231.2243652,8.118321419
2026_11,Incheon,16.01612088,29.67278875,6.354143889096122,1.804,ElNiNo,252.8245392,8.132048607
2026_11,Ulleungdo,19.06443728,33.44478121,28.19299102336764,1.804,ElNiNo,244.016098,8.131174088
2026_12,Geoje,14.80661242,33.85213379,6.904044937697307,1.699,ElNiNo,243.7619324,8.147766113
2026_12,Incheon,8.48367725,29.87381103,6.056702494551246,1.699,ElNiNo,270.9493103,8.171128273
2026_12,Ulleungdo,15.9906441,33.5933536,27.607628176966944,1.699,ElNiNo,253.0644379,8.153038979
2027_01,Geoje,12.99532645,33.83340251,22.09662771312973,1.624,ElNiNo,252.0329285,8.154355049
2027_01,Incheon,4.784923259,29.80284825,5.158230068526791,1.624,ElNiNo,283.3454895,8.197284698
2027_01,Ulleungdo,13.57720456,33.79173717,12.41332884686863,1.624,ElNiNo,258.3848572,8.162981987
2027_02,Geoje,12.79424338,33.79105476,51.63338734093197,1.576,ElNiNo,262.6201477,8.158495903
2027_02,Incheon,4.258746102,29.7234917,20.52792472782312,1.576,ElNiNo,294.8900146,8.207839966
2027_02,Ulleungdo,12.34860393,33.6588902,35.772371809971624,1.576,ElNiNo,266.4589539,8.170838356
2027_03,Geoje,13.30995795,33.82233708,6.081099480176049,1.554,ElNiNo,266.082428,8.152915001
2027_03,Incheon,7.627948924,29.15613135,17.609464890117124,1.554,ElNiNo,297.5444946,8.196844101
2027_03,Ulleungdo,11.85007929,33.51939066,63.30280450004393,1.554,ElNiNo,280.8120728,8.181505203
2027_04,Geoje,15.54488135,34.01779988,121.53373277363742,1.556,ElNiNo,260.5029907,8.131263733
2027_04,Incheon,12.34741789,29.19890185,24.16543524937606,1.556,ElNiNo,288.0874023,8.159810066
2027_04,Ulleungdo,13.67369619,33.45589285,143.7052483960066,1.556,ElNiNo,288.0102844,8.182519913
2027_05,Geoje,17.11626142,33.79233237,52.654128263956395,1.577,ElNiNo,245.2449799,8.087871552
2027_05,Incheon,17.17563284,29.00970134,20.893335996674068,1.577,ElNiNo,266.9956665,8.097672462
2027_05,Ulleungdo,16.86103146,33.12170411,122.68715191788708,1.577,ElNiNo,272.5677795,8.132144928
2027_06,Geoje,19.16893972,32.67871722,21.514233016183233,1.611,ElNiNo,228.408783,8.040025711
2027_06,Incheon,21.9941358,27.0473276,57.73192967281648,1.611,ElNiNo,242.5595245,8.014415741
2027_06,Ulleungdo,20.54798159,33.26981927,126.47091292151732,1.611,ElNiNo,250.706192,8.068995476
2027_07,Geoje,20.92090528,30.99123299,117.46031898596985,1.65,ElNiNo,215.4056396,8.006559372
2027_07,Incheon,25.66971606,27.76415031,25.522521153923662,1.65,ElNiNo,225.3822021,7.982283592
2027_07,Ulleungdo,23.8433396,32.69892245,83.13889694833544,1.65,ElNiNo,232.4877014,8.023277283
2027_08,Geoje,26.18246578,30.13251311,72.23565254654105,1.689,ElNiNo,207.4466095,7.996924877
2027_08,Incheon,28.20360714,28.53595932,28.79126221856859,1.689,ElNiNo,216.3023071,7.985353947
2027_08,Ulleungdo,26.64734501,32.10738977,105.58387129639947,1.689,ElNiNo,221.7572784,8.009199142
2027_09,Geoje,26.74985903,30.77271818,30.327669804606845,1.724,ElNiNo,209.5875397,8.03236866
2027_09,Incheon,26.33035079,29.20428075,6.069902025482406,1.724,ElNiNo,220.8829498,8.034638405
2027_09,Ulleungdo,24.43828566,31.86110204,26.20444020188937,1.724,ElNiNo,223.1094666,8.039478302
2027_10,Geoje,22.37405166,32.69282522,10.862738085551575,1.753,ElNiNo,218.3888092,8.076415062
2027_10,Incheon,21.63385247,29.85701701,9.500907223164177,1.753,ElNiNo,233.5743256,8.080227852
2027_10,Ulleungdo,21.76568849,32.66920767,49.348738360520755,1.753,ElNiNo,232.5905457,8.087451935
2027_11,Geoje,18.4659564,33.83935003,9.367853116534143,1.778,ElNiNo,231.2243652,8.118489265
2027_11,Incheon,16.14265089,29.92741056,3.778421452476323,1.778,ElNiNo,252.8245392,8.132070541
2027_11,Ulleungdo,19.18029371,33.3262735,33.16093520427006,1.778,ElNiNo,244.016098,8.131331444
2027_12,Geoje,14.91257607,33.80322749,9.54110660346072,1.798,ElNiNo,243.7619324,8.147836685
2027_12,Incheon,8.6177183,30.03501255,3.423532833817262,1.798,ElNiNo,270.9493103,8.171122551
2027_12,Ulleungdo,16.11637154,33.43200411,34.40267518208341,1.798,ElNiNo,253.0644379,8.153236389
2028_01,Geoje,13.11230843,33.8398043,21.876388112584067,1.812,ElNiNo,252.0329285,8.154356956
2028_01,Incheon,4.915145171,30.22362179,0.0,1.812,ElNiNo,283.3454895,8.197258949
2028_01,Ulleungdo,13.69846677,33.46167556,16.00678831743841,1.812,ElNiNo,258.3848572,8.163006783
2028_02,Geoje,12.90372762,34.01965132,46.88359459944002,1.822,ElNiNo,262.6201477,8.158496857
2028_02,Incheon,4.388706201,30.05796017,15.501417391019459,1.822,ElNiNo,294.8900146,8.207802773
2028_02,Ulleungdo,12.47433147,33.53380833,45.25504396045712,1.822,ElNiNo,266.4589539,8.170865059
2028_03,Geoje,13.36357104,33.88741076,5.173719149440607,1.826,ElNiNo,266.082428,8.152915001
2028_03,Incheon,7.756095542,29.85058441,9.39113778419869,1.826,ElNiNo,297.5444946,8.196800232
2028_03,Ulleungdo,11.97135446,33.73680893,87.14969961712947,1.826,ElNiNo,280.8120728,8.181529999
2028_04,Geoje,15.64136935,33.61299807,109.43862863926952,1.828,ElNiNo,260.5029907,8.131263733
2028_04,Incheon,12.47597751,29.99324006,15.133051152838561,1.828,ElNiNo,288.0874023,8.159727097
2028_04,Ulleungdo,13.79893735,33.94790868,133.16967643770863,1.828,ElNiNo,288.0102844,8.182516098
2028_05,Geoje,17.23304397,33.6481676,62.38764817505844,1.826,ElNiNo,245.2449799,8.087869644
2028_05,Incheon,17.30412263,30.22442858,8.48474625394374,1.826,ElNiNo,266.9956665,8.09757328
2028_05,Ulleungdo,16.98247475,33.72844301,151.75116601001824,1.826,ElNiNo,272.5677795,8.132078171
2028_06,Geoje,19.25078881,32.96244161,20.705729127331804,1.824,ElNiNo,228.408783,8.040024757
2028_06,Incheon,22.1231029,30.17637671,29.399321297594724,1.824,ElNiNo,242.5595245,8.014362335
2028_06,Ulleungdo,20.67307397,33.38690043,131.6131224485687,1.824,ElNiNo,250.706192,8.068937302
2028_07,Geoje,20.93233365,32.8073169,99.64674085820818,1.822,ElNiNo,215.4056396,8.006558418
2028_07,Incheon,25.79823495,27.74204691,23.987951933778277,1.822,ElNiNo,225.3822021,7.98225975
2028_07,Ulleungdo,23.96474896,32.66764623,85.67255545785352,1.822,ElNiNo,232.4877014,8.023240089
2028_08,Geoje,26.26602615,31.27482154,62.701021079719254,1.82,ElNiNo,207.4466095,7.996924877
2028_08,Incheon,28.33335333,27.10105739,39.40670440313443,1.82,ElNiNo,216.3023071,7.985354424
2028_08,Ulleungdo,26.77206591,31.91878301,125.35932310902166,1.82,ElNiNo,221.7572784,8.009200096
2028_09,Geoje,26.92067234,30.15793183,25.075014633373254,1.819,ElNiNo,209.5875397,8.032371521
2028_09,Incheon,26.46166005,27.98633402,15.06843051980104,1.819,ElNiNo,220.8829498,8.034667015
2028_09,Ulleungdo,24.5591239,32.08568833,31.590238288458,1.819,ElNiNo,223.1094666,8.039535522
2028_10,Geoje,22.53210685,32.55687335,9.275400686658301,1.819,ElNiNo,218.3888092,8.076416969
2028_10,Incheon,21.76366767,29.28805331,13.25039738151736,1.819,ElNiNo,233.5743256,8.080231667
2028_10,Ulleungdo,21.89028817,32.70773304,56.44687855878114,1.819,ElNiNo,232.5905457,8.087495804
2028_11,Geoje,18.64604869,33.22551642,8.04825315776981,1.819,ElNiNo,231.2243652,8.11849308
2028_11,Incheon,16.27185064,29.98566246,2.405167280033311,1.819,ElNiNo,252.8245392,8.132084846
2028_11,Ulleungdo,19.30158073,33.34116633,33.25073514621918,1.819,ElNiNo,244.016098,8.131388664
2028_12,Geoje,15.0070057,33.8827593,8.190476534284922,1.819,ElNiNo,243.7619324,8.147837639
2028_12,Incheon,8.746112964,30.12719057,1.9174756033226004,1.819,ElNiNo,270.9493103,8.171114922
2028_12,Ulleungdo,16.24129938,33.41960038,35.08015434352614,1.819,ElNiNo,253.0644379,8.153281212
